mes,ipca,ipca_15,inpc,igp_di,igp_m
2000 jan,0.62,NA,0.61,1.02,1.24
2000 fev,0.13,NA,0.05,0.19,0.35
2000 mar,0.22,NA,0.13,0.18,0.15
2000 abr,0.42,NA,0.09,0.13,0.23
2000 mai,0.01,0.09,-0.05,0.67,0.31
2000 jun,0.23,0.08,0.3,0.93,0.85
2000 jul,1.61,0.78,1.39,2.26,1.57
2000 ago,1.31,1.99,1.21,1.82,2.39
2000 set,0.23,0.45,0.43,0.69,1.16
2000 out,0.14,0.18,0.16,0.37,0.38
2000 nov,0.32,0.17,0.29,0.39,0.29
2000 dez,0.59,0.6,0.55,0.76,0.63
2001 jan,0.57,0.63,0.77,0.49,0.62
2001 fev,0.46,0.5,0.49,0.34,0.23
2001 mar,0.38,0.36,0.48,0.8,0.56
2001 abr,0.58,0.5,0.84,1.13,1
2001 mai,0.41,0.49,0.57,0.44,0.86
2001 jun,0.52,0.38,0.6,1.46,0.98
2001 jul,1.33,0.94,1.11,1.62,1.48
2001 ago,0.7,1.18,0.79,0.9,1.38
2001 set,0.28,0.38,0.44,0.38,0.31
2001 out,0.83,0.37,0.94,1.45,1.18
2001 nov,0.71,0.99,1.29,0.76,1.1
2001 dez,0.65,0.55,0.74,0.18,0.22
2002 jan,0.52,0.62,1.07,0.19,0.36
2002 fev,0.36,0.44,0.31,0.18,0.06
2002 mar,0.6,0.4,0.62,0.11,0.09
2002 abr,0.8,0.78,0.68,0.7,0.56
2002 mai,0.21,0.42,0.09,1.11,0.83
2002 jun,0.42,0.33,0.61,1.74,1.54
2002 jul,1.19,0.77,1.15,2.05,1.95
2002 ago,0.65,1,0.86,2.36,2.32
2002 set,0.72,0.62,0.83,2.64,2.4
2002 out,1.31,0.9,1.57,4.21,3.87
2002 nov,3.02,2.08,3.39,5.84,5.19
2002 dez,2.1,3.05,2.7,2.7,3.75
2003 jan,2.25,1.98,2.47,2.17,2.33
2003 fev,1.57,2.19,1.46,1.59,2.28
2003 mar,1.23,1.14,1.37,1.66,1.53
2003 abr,0.97,1.14,1.38,0.41,0.92
2003 mai,0.61,0.85,0.99,-0.67,-0.26
2003 jun,-0.15,0.22,-0.06,-0.7,-1
2003 jul,0.2,-0.18,0.04,-0.2,-0.42
2003 ago,0.34,0.27,0.18,0.62,0.38
2003 set,0.78,0.57,0.82,1.05,1.18
2003 out,0.29,0.66,0.39,0.44,0.38
2003 nov,0.34,0.17,0.37,0.48,0.49
2003 dez,0.52,0.46,0.54,0.6,0.61
2004 jan,0.76,0.68,0.83,0.8,0.88
2004 fev,0.61,0.9,0.39,1.08,0.69
2004 mar,0.47,0.4,0.57,0.93,1.13
2004 abr,0.37,0.21,0.41,1.15,1.21
2004 mai,0.51,0.54,0.4,1.46,1.31
2004 jun,0.71,0.56,0.5,1.29,1.38
2004 jul,0.91,0.93,0.73,1.14,1.31
2004 ago,0.69,0.79,0.5,1.31,1.22
2004 set,0.33,0.49,0.17,0.48,0.69
2004 out,0.44,0.32,0.17,0.53,0.39
2004 nov,0.69,0.63,0.44,0.82,0.82
2004 dez,0.86,0.84,0.86,0.52,0.74
2005 jan,0.58,0.68,0.57,0.33,0.39
2005 fev,0.59,0.74,0.44,0.4,0.3
2005 mar,0.61,0.35,0.73,0.99,0.85
2005 abr,0.87,0.74,0.91,0.51,0.86
2005 mai,0.49,0.83,0.7,-0.25,-0.22
2005 jun,-0.02,0.12,-0.11,-0.45,-0.44
2005 jul,0.25,0.11,0.03,-0.4,-0.34
2005 ago,0.17,0.28,0,-0.79,-0.65
2005 set,0.35,0.16,0.15,-0.13,-0.53
2005 out,0.75,0.56,0.58,0.63,0.6
2005 nov,0.55,0.78,0.54,0.33,0.4
2005 dez,0.36,0.38,0.4,0.07,-0.01
2006 jan,0.59,0.51,0.38,0.72,0.92
2006 fev,0.41,0.52,0.23,-0.06,0.01
2006 mar,0.43,0.37,0.27,-0.45,-0.23
2006 abr,0.21,0.17,0.12,0.02,-0.42
2006 mai,0.1,0.27,0.13,0.38,0.38
2006 jun,-0.21,-0.15,-0.07,0.67,0.75
2006 jul,0.19,-0.02,0.11,0.17,0.18
2006 ago,0.05,0.19,-0.02,0.41,0.37
2006 set,0.21,0.05,0.16,0.24,0.29
2006 out,0.33,0.29,0.43,0.81,0.47
2006 nov,0.31,0.37,0.42,0.57,0.75
2006 dez,0.48,0.35,0.62,0.26,0.32
2007 jan,0.44,0.52,0.49,0.43,0.5
2007 fev,0.44,0.46,0.42,0.23,0.27
2007 mar,0.37,0.41,0.44,0.22,0.34
2007 abr,0.25,0.22,0.26,0.14,0.04
2007 mai,0.28,0.26,0.26,0.16,0.04
2007 jun,0.28,0.29,0.31,0.26,0.26
2007 jul,0.24,0.24,0.32,0.37,0.28
2007 ago,0.47,0.42,0.59,1.39,0.98
2007 set,0.18,0.29,0.25,1.17,1.29
2007 out,0.3,0.24,0.3,0.75,1.05
2007 nov,0.38,0.23,0.43,1.05,0.69
2007 dez,0.74,0.7,0.97,1.47,1.76
2008 jan,0.54,0.7,0.69,0.99,1.09
2008 fev,0.49,0.64,0.48,0.38,0.53
2008 mar,0.48,0.23,0.51,0.7,0.74
2008 abr,0.55,0.59,0.64,1.12,0.69
2008 mai,0.79,0.56,0.96,1.88,1.61
2008 jun,0.74,0.9,0.91,1.89,1.98
2008 jul,0.53,0.63,0.58,1.12,1.76
2008 ago,0.28,0.35,0.21,-0.38,-0.32
2008 set,0.26,0.26,0.15,0.36,0.11
2008 out,0.45,0.3,0.5,1.09,0.98
2008 nov,0.36,0.49,0.38,0.07,0.38
2008 dez,0.28,0.29,0.29,-0.44,-0.13
2009 jan,0.48,0.4,0.64,0.01,-0.44
2009 fev,0.55,0.63,0.31,-0.13,0.26
2009 mar,0.2,0.11,0.2,-0.84,-0.74
2009 abr,0.48,0.36,0.55,0.04,-0.15
2009 mai,0.47,0.59,0.6,0.18,-0.07
2009 jun,0.36,0.38,0.42,-0.32,-0.1
2009 jul,0.24,0.22,0.23,-0.64,-0.43
2009 ago,0.15,0.23,0.08,0.09,-0.36
2009 set,0.24,0.19,0.16,0.25,0.42
2009 out,0.28,0.18,0.24,-0.04,0.05
2009 nov,0.41,0.44,0.37,0.07,0.1
2009 dez,0.37,0.38,0.24,-0.11,-0.26
2010 jan,0.75,0.52,0.88,1.01,0.63
2010 fev,0.78,0.94,0.7,1.09,1.18
2010 mar,0.52,0.55,0.71,0.63,0.94
2010 abr,0.57,0.48,0.73,0.72,0.77
2010 mai,0.43,0.63,0.43,1.57,1.19
2010 jun,0,0.19,-0.11,0.34,0.85
2010 jul,0.01,-0.09,-0.07,0.22,0.15
2010 ago,0.04,-0.05,-0.07,1.1,0.77
2010 set,0.45,0.31,0.54,1.1,1.15
2010 out,0.75,0.62,0.92,1.03,1.01
2010 nov,0.83,0.86,1.03,1.58,1.45
2010 dez,0.63,0.69,0.6,0.38,0.69
2011 jan,0.83,0.76,0.94,0.98,0.79
2011 fev,0.8,0.97,0.54,0.96,1
2011 mar,0.79,0.6,0.66,0.61,0.62
2011 abr,0.77,0.77,0.72,0.5,0.45
2011 mai,0.47,0.7,0.57,0.01,0.43
2011 jun,0.15,0.23,0.22,-0.13,-0.18
2011 jul,0.16,0.1,0,-0.05,-0.12
2011 ago,0.37,0.27,0.42,0.61,0.44
2011 set,0.53,0.53,0.45,0.75,0.65
2011 out,0.43,0.42,0.32,0.4,0.53
2011 nov,0.52,0.46,0.57,0.43,0.5
2011 dez,0.5,0.56,0.51,-0.16,-0.12
2012 jan,0.56,0.65,0.51,0.3,0.25
2012 fev,0.45,0.53,0.39,0.07,-0.06
2012 mar,0.21,0.25,0.18,0.56,0.43
2012 abr,0.64,0.43,0.64,1.02,0.85
2012 mai,0.36,0.51,0.55,0.91,1.02
2012 jun,0.08,0.18,0.26,0.69,0.66
2012 jul,0.43,0.33,0.43,1.52,1.34
2012 ago,0.41,0.39,0.45,1.29,1.43
2012 set,0.57,0.48,0.63,0.88,0.97
2012 out,0.59,0.65,0.71,-0.31,0.02
2012 nov,0.6,0.54,0.54,0.25,-0.03
2012 dez,0.79,0.69,0.74,0.66,0.68
2013 jan,0.86,0.88,0.92,0.31,0.34
2013 fev,0.6,0.68,0.52,0.2,0.29
2013 mar,0.47,0.49,0.6,0.31,0.21
2013 abr,0.55,0.51,0.59,-0.06,0.15
2013 mai,0.37,0.46,0.35,0.32,0
2013 jun,0.26,0.38,0.28,0.76,0.75
2013 jul,0.03,0.07,-0.13,0.14,0.26
2013 ago,0.24,0.16,0.16,0.46,0.15
2013 set,0.35,0.27,0.27,1.36,1.5
2013 out,0.57,0.48,0.61,0.63,0.86
2013 nov,0.54,0.57,0.54,0.28,0.29
2013 dez,0.92,0.75,0.72,0.69,0.6
2014 jan,0.55,0.67,0.63,0.4,0.48
2014 fev,0.69,0.7,0.64,0.85,0.38
2014 mar,0.92,0.73,0.82,1.48,1.67
2014 abr,0.67,0.78,0.78,0.45,0.78
2014 mai,0.46,0.58,0.6,-0.45,-0.13
2014 jun,0.4,0.47,0.26,-0.63,-0.74
2014 jul,0.01,0.17,0.13,-0.55,-0.61
2014 ago,0.25,0.14,0.18,0.06,-0.27
2014 set,0.57,0.39,0.49,0.02,0.2
2014 out,0.42,0.48,0.38,0.59,0.28
2014 nov,0.51,0.38,0.53,1.14,0.98
2014 dez,0.78,0.79,0.62,0.38,0.62
2015 jan,1.24,0.89,1.48,0.67,0.76
2015 fev,1.22,1.33,1.16,0.53,0.27
2015 mar,1.32,1.24,1.51,1.21,0.98
2015 abr,0.71,1.07,0.71,0.92,1.17
2015 mai,0.74,0.6,0.99,0.4,0.41
2015 jun,0.79,0.99,0.77,0.68,0.67
2015 jul,0.62,0.59,0.58,0.58,0.69
2015 ago,0.22,0.43,0.25,0.4,0.28
2015 set,0.54,0.39,0.51,1.42,0.95
2015 out,0.82,0.66,0.77,1.76,1.89
2015 nov,1.01,0.85,1.11,1.19,1.52
2015 dez,0.96,1.18,0.9,0.44,0.49
2016 jan,1.27,0.92,1.51,1.53,1.14
2016 fev,0.9,1.42,0.95,0.79,1.29
2016 mar,0.43,0.43,0.44,0.43,0.51
2016 abr,0.61,0.51,0.64,0.36,0.33
2016 mai,0.78,0.86,0.98,1.13,0.82
2016 jun,0.35,0.4,0.47,1.63,1.69
2016 jul,0.52,0.54,0.64,-0.39,0.18
2016 ago,0.44,0.45,0.31,0.43,0.15
2016 set,0.08,0.23,0.08,0.03,0.2
2016 out,0.26,0.19,0.17,0.13,0.16
2016 nov,0.18,0.26,0.07,0.05,-0.03
2016 dez,0.3,0.19,0.14,0.83,0.54
2017 jan,0.38,0.31,0.42,0.43,0.64
2017 fev,0.33,0.54,0.24,0.06,0.08
2017 mar,0.25,0.15,0.32,-0.38,0.01
2017 abr,0.14,0.21,0.08,-1.24,-1.1
2017 mai,0.31,0.24,0.36,-0.51,-0.93
2017 jun,-0.23,0.16,-0.3,-0.96,-0.67
2017 jul,0.24,-0.18,0.17,-0.3,-0.72
2017 ago,0.19,0.35,-0.03,0.24,0.1
2017 set,0.16,0.11,-0.02,0.62,0.47
2017 out,0.42,0.34,0.37,0.1,0.2
2017 nov,0.28,0.32,0.18,0.8,0.52
2017 dez,0.44,0.35,0.26,0.74,0.89
2018 jan,0.29,0.39,0.23,0.58,0.76
2018 fev,0.32,0.38,0.18,0.15,0.07
2018 mar,0.09,0.1,0.07,0.56,0.64
2018 abr,0.22,0.21,0.21,0.93,0.57
2018 mai,0.4,0.14,0.43,1.64,1.38
2018 jun,1.26,1.11,1.43,1.48,1.87
2018 jul,0.33,0.64,0.25,0.44,0.51
2018 ago,-0.09,0.13,0,0.68,0.7
2018 set,0.48,0.09,0.3,1.79,1.52
2018 out,0.45,0.58,0.4,0.26,0.89
2018 nov,-0.21,0.19,-0.25,-1.14,-0.49
2018 dez,0.15,-0.16,0.14,-0.45,-1.08
2019 jan,0.32,0.3,0.36,0.07,0.01
2019 fev,0.43,0.34,0.54,1.25,0.88
2019 mar,0.75,0.54,0.77,1.07,1.26
2019 abr,0.57,0.72,0.6,0.9,0.92
2019 mai,0.13,0.35,0.15,0.4,0.45
2019 jun,0.01,0.06,0.01,0.63,0.8
2019 jul,0.19,0.09,0.1,-0.01,0.4
2019 ago,0.11,0.08,0.12,-0.51,-0.67
2019 set,-0.04,0.09,-0.05,0.5,-0.01
2019 out,0.1,0.09,0.04,0.55,0.68
2019 nov,0.51,0.14,0.54,0.85,0.3
2019 dez,1.15,1.05,1.22,1.74,2.09
2020 jan,0.21,0.71,0.19,0.09,0.48
2020 fev,0.25,0.22,0.17,0.01,-0.04
2020 mar,0.07,0.02,0.18,1.64,1.24
2020 abr,-0.31,-0.01,-0.23,0.05,0.8
2020 mai,-0.38,-0.59,-0.25,1.07,0.28
2020 jun,0.26,0.02,0.3,1.6,1.56
2020 jul,0.36,0.3,0.44,2.34,2.23
2020 ago,0.24,0.23,0.36,3.87,2.74
2020 set,0.64,0.45,0.87,3.3,4.34
2020 out,0.86,0.94,0.89,3.68,3.23
2020 nov,0.89,0.81,0.95,2.64,3.28
2020 dez,1.35,1.06,1.46,0.76,0.96
2021 jan,0.25,0.78,0.27,2.91,2.58
2021 fev,0.86,0.48,0.82,2.71,2.53
2021 mar,0.93,0.93,0.86,2.17,2.94
2021 abr,0.31,0.6,0.38,2.22,1.51
2021 mai,0.83,0.44,0.96,3.4,4.1
2021 jun,0.53,0.83,0.6,0.11,0.6
2021 jul,0.96,0.72,1.02,1.45,0.78
2021 ago,0.87,0.89,0.88,-0.14,0.66
2021 set,1.16,1.14,1.2,-0.55,-0.64
2021 out,1.25,1.2,1.16,1.6,0.64
2021 nov,0.95,1.17,0.84,-0.58,0.02
2021 dez,0.73,0.78,0.73,1.25,0.87
2022 jan,0.54,0.58,0.67,2.01,1.82
2022 fev,1.01,0.99,1,1.5,1.83
2022 mar,1.62,0.95,1.71,2.37,1.74
2022 abr,1.06,1.73,1.04,0.41,1.41
2022 mai,0.47,0.59,0.45,0.69,0.52
2022 jun,0.67,0.69,0.62,0.62,0.59
2022 jul,-0.68,0.13,-0.6,-0.38,0.21
2022 ago,-0.36,-0.73,-0.31,-0.55,-0.7
2022 set,-0.29,-0.37,-0.32,-1.22,-0.95
2022 out,0.59,0.16,0.47,-0.62,-0.97
2022 nov,0.41,0.53,0.38,-0.18,-0.56
2022 dez,0.62,0.52,0.69,0.31,0.45
2023 jan,0.53,0.55,0.46,0.06,0.21
2023 fev,0.84,0.76,0.77,0.04,-0.06
2023 mar,0.71,0.69,0.64,-0.34,0.05
2023 abr,0.61,0.57,0.53,-1.01,-0.95
2023 mai,0.23,0.51,0.36,-2.33,-1.84
2023 jun,-0.08,0.04,-0.1,-1.45,-1.93
2023 jul,0.12,-0.07,-0.09,-0.4,-0.72
2023 ago,0.23,0.28,0.2,0.05,-0.14
2023 set,0.26,0.35,0.11,0.45,0.37
2023 out,0.24,0.21,0.12,0.51,0.5
2023 nov,0.28,0.33,0.1,0.5,0.59
2023 dez,0.56,0.4,0.55,0.64,0.74
2024 jan,0.42,0.31,0.57,-0.27,0.07
2024 fev,0.83,0.78,0.81,-0.41,-0.52
2024 mar,0.16,0.36,0.19,-0.3,-0.47
2024 abr,0.38,0.21,0.37,0.72,0.31
2024 mai,0.46,0.44,0.46,0.87,0.89
2024 jun,0.21,0.39,0.25,0.5,0.81
2024 jul,0.38,0.3,0.26,0.83,0.61
2024 ago,-0.02,0.19,-0.14,0.12,0.29
2024 set,0.44,0.13,0.48,1.03,0.62
2024 out,0.56,0.54,0.61,1.54,1.52
2024 nov,0.39,0.62,0.33,1.18,1.3
2024 dez,0.52,0.34,0.48,0.87,0.94
2025 jan,0.16,0.11,0,0.11,0.27
2025 fev,1.31,1.23,1.48,1,1.06
2025 mar,0.56,0.64,0.51,-0.5,-0.34
2025 abr,0.43,0.43,0.48,0.3,0.24
2025 mai,0.26,0.36,0.35,-0.85,-0.49
2025 jun,0.24,0.26,0.23,-1.8,-1.67
2025 jul,0.26,0.33,0.21,-0.07,-0.77
2025 ago,-0.11,-0.14,-0.21,0.2,0.36
2025 set,0.48,0.48,0.52,0.36,0.42
2025 out,0.09,0.18,0.03,-0.03,-0.36
2025 nov,0.18,0.2,0.03,0.01,0.27
2025 dez,0.33,0.25,0.21,0.1,-0.01
2026 jan,0.33,0.2,0.39,0.2,0.41
2026 fev,0.7,0.84,0.56,-0.84,-0.73
2026 mar,0.88,0.44,0.91,1.14,0.52
2026 abr,0.67,0.89,0.81,2.41,2.73
2026 mai,0.58,0.62,0.65,0.87,0.84
2026 jun,0.16,0.41,0.14,-0.79,-0.5
2026 jul,0.07,0.06,-0.01,-0.86,-1.16
